iteration,MSE_trg,MSE_val,MSE_tst,acc_trg,acc_val,acc_tst,f1_trg,f1_val,f1_tst,elapsed
0,0.126093914724,0.124980650668,0.124782546694,0.5,0.497005988024,0.502392344498,0.666666666667,0.664,0.668789808917,0.011484238
10,0.124701125845,0.124017412495,0.123496073228,0.5,0.497005988024,0.502392344498,0.666666666667,0.664,0.668789808917,0.093969039
20,0.124032218065,0.123378405237,0.12274174615,0.5,0.497005988024,0.502392344498,0.666666666667,0.664,0.668789808917,0.142610895
30,0.123266630058,0.122848840393,0.121442297551,0.5,0.497005988024,0.502392344498,0.666666666667,0.664,0.668789808917,0.189143165
40,0.122055829933,0.122486075534,0.120570687304,0.5,0.497005988024,0.502392344498,0.666666666667,0.664,0.668789808917,0.238135101
50,0.121099084922,0.122305905154,0.120305788458,0.5,0.497005988024,0.502392344498,0.666666666667,0.664,0.668789808917,0.301386806
60,0.120594716331,0.121525036175,0.120500499018,0.5,0.497005988024,0.502392344498,0.666666666667,0.664,0.668789808917,0.36857323
70,0.119702281278,0.120712877947,0.119999153956,0.5,0.497005988024,0.502392344498,0.666666666667,0.664,0.668789808917,0.419865679
80,0.119651771359,0.120791684509,0.120076423773,0.5,0.497005988024,0.502392344498,0.666666666667,0.664,0.668789808917,0.470689476
90,0.109135306565,0.111524245412,0.112521938774,0.5,0.497005988024,0.502392344498,0.666666666667,0.664,0.668789808917,0.509302889
100,0.107535400618,0.110462259383,0.111130215562,0.5,0.497005988024,0.502392344498,0.666666666667,0.664,0.668789808917,0.550033693
110,0.107510787792,0.110393378071,0.110915797251,0.5,0.497005988024,0.502392344498,0.666666666667,0.664,0.668789808917,0.591320848
120,0.106576983744,0.109501601571,0.108733173957,0.5,0.497005988024,0.502392344498,0.666666666667,0.664,0.668789808917,0.595892023
130,0.105525630314,0.10843399762,0.108936856336,0.5,0.497005988024,0.502392344498,0.666666666667,0.664,0.668789808917,0.607815371
140,0.100392080325,0.103823769853,0.103657765223,0.5,0.497005988024,0.502392344498,0.666666666667,0.664,0.668789808917,0.610794806
150,0.104507949932,0.108093373003,0.107418227597,0.5,0.497005988024,0.502392344498,0.666666666667,0.664,0.668789808917,0.612546199
160,0.0977494204656,0.101393161137,0.100407882115,0.5,0.497005988024,0.502392344498,0.666666666667,0.664,0.668789808917,0.614489735
170,0.0974507948844,0.101086940888,0.100568440425,0.5,0.497005988024,0.502392344498,0.666666666667,0.664,0.668789808917,0.616567697
180,0.0976979425958,0.100784897849,0.09968223175,0.5,0.497005988024,0.502392344498,0.666666666667,0.664,0.668789808917,0.620498772
190,0.0961818295728,0.103755369053,0.0978770014334,0.5,0.497005988024,0.502392344498,0.666666666667,0.664,0.668789808917,0.622781301
200,0.0956190800482,0.104794413445,0.098116519385,0.5,0.497005988024,0.502392344498,0.666666666667,0.664,0.668789808917,0.624969119
210,0.0950573592811,0.103128623074,0.0977543364827,0.5,0.497005988024,0.502392344498,0.666666666667,0.664,0.668789808917,0.62708291
220,0.0947235597476,0.101454772484,0.0967612173389,0.5,0.497005988024,0.502392344498,0.666666666667,0.664,0.668789808917,0.634551693
230,0.0794904098848,0.0848512172685,0.0845427614742,0.875375375375,0.838323353293,0.832535885167,0.882602545969,0.852459016393,0.835680751174,0.636239762
240,0.0772222624938,0.0793700512215,0.0804937248333,0.867867867868,0.85628742515,0.832535885167,0.875706214689,0.869565217391,0.838709677419,0.637961589
250,0.0764459711292,0.0803466614437,0.078697026868,0.878378378378,0.85628742515,0.832535885167,0.886713286713,0.866666666667,0.838709677419,0.639718147
260,0.0744617810299,0.0793071930879,0.0764161134057,0.878378378378,0.838323353293,0.866028708134,0.885754583921,0.852459016393,0.871559633028,0.641534227
270,0.0743450412998,0.0792586115802,0.0759582399565,0.872372372372,0.826347305389,0.875598086124,0.879432624113,0.839779005525,0.87962962963,0.643220997
280,0.0714819151751,0.076337962987,0.0730998849909,0.89039039039,0.85628742515,0.885167464115,0.897038081805,0.868131868132,0.889908256881,0.645032966
290,0.071443340912,0.0765411491734,0.0728278980298,0.885885885886,0.850299401198,0.88995215311,0.892351274788,0.861878453039,0.893023255814,0.64665704
300,0.071695004337,0.0770630913475,0.072618533526,0.885885885886,0.850299401198,0.894736842105,0.892351274788,0.861878453039,0.898148148148,0.64841916
310,0.0716333244967,0.075074676412,0.0757984745514,0.894894894895,0.850299401198,0.88038277512,0.902234636872,0.861878453039,0.884792626728,0.650171846
320,0.0708878791033,0.0746795041525,0.072202632865,0.87987987988,0.844311377246,0.88995215311,0.886685552408,0.858695652174,0.89400921659,0.651815623
330,0.0706200201376,0.0743914448876,0.0718599623042,0.896396396396,0.838323353293,0.8995215311,0.902679830748,0.852459016393,0.903225806452,0.653521824
340,0.0710952452564,0.0746094215249,0.0747844922791,0.899399399399,0.85628742515,0.88995215311,0.906293706294,0.868131868132,0.89497716895,0.655196681
350,0.0704789656291,0.0744506611334,0.0717901013464,0.897897897898,0.838323353293,0.894736842105,0.904494382022,0.852459016393,0.898148148148,0.656958729
360,0.0704682152444,0.0744512194345,0.0717609120009,0.897897897898,0.838323353293,0.894736842105,0.904494382022,0.852459016393,0.898148148148,0.65867752
370,0.0701220496529,0.0739429392634,0.0712875704749,0.905405405405,0.844311377246,0.8995215311,0.911392405063,0.858695652174,0.904109589041,0.660564683
380,0.0701138197183,0.0733306898666,0.0708561288858,0.905405405405,0.85628742515,0.909090909091,0.911392405063,0.869565217391,0.913242009132,0.662283855
390,0.0631759222718,0.0657337010103,0.0637614090996,0.932432432432,0.916167664671,0.937799043062,0.935988620199,0.921348314607,0.940092165899,0.664105645
400,0.0602857389834,0.0630151873515,0.0605115819871,0.936936936937,0.928143712575,0.952153110048,0.940509915014,0.932584269663,0.954545454545,0.665799777
410,0.0602071384862,0.0627175981045,0.0604286499014,0.933933933934,0.922155688623,0.942583732057,0.937853107345,0.926553672316,0.94495412844,0.667765252
420,0.0602071384862,0.0627175981045,0.0604286499014,0.933933933934,0.922155688623,0.942583732057,0.937853107345,0.926553672316,0.94495412844,0.674874344
430,0.0604010022462,0.0628739485072,0.0606381416156,0.932432432432,0.922155688623,0.942583732057,0.936530324401,0.926553672316,0.94495412844,0.676591166
440,0.0578357052286,0.0599822932363,0.0580915403785,0.945945945946,0.946107784431,0.952153110048,0.948571428571,0.947976878613,0.953703703704,0.678733461
450,0.0504842569454,0.0527604040036,0.0496928736931,0.930930930931,0.922155688623,0.956937799043,0.935393258427,0.927374301676,0.958904109589,0.680589524
460,0.0498268559084,0.051751398144,0.0500258154212,0.942942942943,0.940119760479,0.956937799043,0.946022727273,0.943181818182,0.958904109589,0.682464515
470,0.0497080648873,0.051478951208,0.0498029878636,0.948948948949,0.934131736527,0.956937799043,0.951428571429,0.937853107345,0.958904109589,0.684453958
480,0.0492412472135,0.0512368924203,0.0489845726507,0.944444444444,0.946107784431,0.961722488038,0.947368421053,0.948571428571,0.963302752294,0.686743486
490,0.0482485302786,0.0499181659209,0.0484286620232,0.959459459459,0.958083832335,0.966507177033,0.961038961039,0.959537572254,0.967741935484,0.688281396
500,0.046513131429,0.0478193899863,0.0464890433255,0.972972972973,0.964071856287,0.976076555024,0.973684210526,0.96511627907,0.976744186047,0.689984404
510,0.0458234878894,0.0470284777639,0.045431631896,0.98048048048,0.97005988024,0.985645933014,0.980854197349,0.970760233918,0.985915492958,0.691686919
520,0.0456456390557,0.0467811936435,0.0452982988883,0.983483483483,0.976047904192,0.985645933014,0.983751846381,0.976470588235,0.985915492958,0.693427914
530,0.0455697376107,0.046767106954,0.0450907852025,0.986486486486,0.976047904192,0.995215311005,0.986666666667,0.976470588235,0.995260663507,0.695120041
540,0.0453144885619,0.046813366828,0.0449478959266,0.984984984985,0.976047904192,0.995215311005,0.985207100592,0.976470588235,0.995260663507,0.696826889
550,0.0281234807376,0.0298135193509,0.0286258698059,0.996996996997,0.994011976048,1.0,0.997005988024,0.994011976048,1.0,0.698971447
560,0.0276676885988,0.0294677813427,0.0284297392003,0.996996996997,0.994011976048,1.0,0.997005988024,0.994011976048,1.0,0.701089415
570,0.0278233006546,0.0293165687003,0.0284168637231,0.996996996997,1.0,1.0,0.997005988024,1.0,1.0,0.703142716
580,0.0265760513359,0.0284658696091,0.0259546695967,0.995495495495,0.994011976048,1.0,0.995515695067,0.994011976048,1.0,0.705068886
590,0.0264986388921,0.0288207244408,0.0265251424604,0.995495495495,0.994011976048,1.0,0.995515695067,0.994011976048,1.0,0.707112511
600,0.0263689465264,0.0296100362416,0.0263524337293,0.995495495495,0.988023952096,1.0,0.995515695067,0.988095238095,1.0,0.709429623
610,0.0262414111628,0.0284211005771,0.0261896069824,0.995495495495,0.994011976048,1.0,0.995515695067,0.994011976048,1.0,0.711612727
620,0.0272027735945,0.0294759831855,0.0266217219584,0.989489489489,0.982035928144,0.995215311005,0.989598811293,0.98224852071,0.995260663507,0.713186269
630,0.0254080779298,0.0264676032172,0.0249967925921,0.992492492492,0.994011976048,1.0,0.992548435171,0.994011976048,1.0,0.714847479
640,0.0249385474399,0.0266951548314,0.0248579980919,0.993993993994,0.994011976048,1.0,0.994029850746,0.994011976048,1.0,0.716336635
650,0.015971362234,0.0186707242279,0.0169340651119,0.996996996997,0.994011976048,0.995215311005,0.997005988024,0.994011976048,0.995215311005,0.717981834
660,0.0156646560832,0.0178422076457,0.0163703819128,0.998498498498,0.994011976048,1.0,0.998500749625,0.994011976048,1.0,0.719712281
670,0.0144402855694,0.0162729771842,0.0147391151687,0.996996996997,0.994011976048,1.0,0.997005988024,0.994011976048,1.0,0.721368219
680,0.0142003980649,0.0159021694233,0.0143379585456,0.996996996997,0.994011976048,1.0,0.997005988024,0.994011976048,1.0,0.723191456
690,0.0140747286103,0.015871714481,0.0139755754764,0.998498498498,0.994011976048,1.0,0.998500749625,0.994011976048,1.0,0.725048447
700,0.0140399968696,0.0154521430747,0.0139866564907,0.998498498498,0.994011976048,1.0,0.998500749625,0.994011976048,1.0,0.727024853
710,0.0131369226202,0.014524175326,0.0129143620454,0.998498498498,0.994011976048,1.0,0.998500749625,0.994011976048,1.0,0.728747919
720,0.0130376022558,0.0140719062088,0.0124932512347,0.996996996997,0.994011976048,1.0,0.997005988024,0.994011976048,1.0,0.730073412
730,0.0124449678958,0.0135328426045,0.012112888332,0.998498498498,0.994011976048,1.0,0.998500749625,0.994011976048,1.0,0.731570237
740,0.0124449678958,0.0135328426045,0.012112888332,0.998498498498,0.994011976048,1.0,0.998500749625,0.994011976048,1.0,0.733343037
750,0.0116855796521,0.0123791193043,0.0113897126247,0.998498498498,0.994011976048,1.0,0.998500749625,0.994011976048,1.0,0.735131822
760,0.0116515360137,0.012555621676,0.0116147314937,0.998498498498,0.994011976048,1.0,0.998500749625,0.994011976048,1.0,0.736526355
770,0.0114050892324,0.0122125747789,0.0112456774385,0.998498498498,0.994011976048,1.0,0.998500749625,0.994011976048,1.0,0.738389381
780,0.0115801363725,0.0122615538939,0.0117949562063,0.998498498498,0.994011976048,1.0,0.998500749625,0.994011976048,1.0,0.739862331
790,0.011740964038,0.0123538456599,0.0114468669964,0.998498498498,0.994011976048,1.0,0.998500749625,0.994011976048,1.0,0.741154326
800,0.0113833606499,0.0122275661872,0.011265891185,1.0,0.994011976048,1.0,1.0,0.994011976048,1.0,0.742558106
810,0.0114109410779,0.0121538775925,0.0112987140205,0.998498498498,0.994011976048,1.0,0.998500749625,0.994011976048,1.0,0.744088499
820,0.0111219120514,0.0117255159223,0.0109448518152,1.0,0.994011976048,1.0,1.0,0.994011976048,1.0,0.745716515
830,0.011082698868,0.0117790365881,0.0109436524923,1.0,1.0,1.0,1.0,1.0,1.0,0.747343938
840,0.0111813316981,0.0118072011084,0.0109525945283,1.0,1.0,1.0,1.0,1.0,1.0,0.748924138
850,0.0110736233124,0.0117442330321,0.0109408371711,1.0,1.0,1.0,1.0,1.0,1.0,0.7507055
860,0.0110697748968,0.0117257920445,0.0109453327488,1.0,1.0,1.0,1.0,1.0,1.0,0.752104721
870,0.011059070084,0.0118167004335,0.0109427538511,1.0,1.0,1.0,1.0,1.0,1.0,0.75377634
880,0.011059314941,0.0118169352365,0.0109429607724,1.0,1.0,1.0,1.0,1.0,1.0,0.755184084
890,0.0110590531316,0.0118166521406,0.0109427204401,1.0,1.0,1.0,1.0,1.0,1.0,0.756772474
900,0.0111288149245,0.012015733761,0.0113767712374,1.0,0.994011976048,1.0,1.0,0.994011976048,1.0,0.758430916
910,0.0110893898194,0.0114916259487,0.0110591154486,1.0,1.0,1.0,1.0,1.0,1.0,0.7597873
920,0.0110174416178,0.0116230561582,0.0110025860159,1.0,1.0,1.0,1.0,1.0,1.0,0.761628843
930,0.0215681990312,0.0224970647848,0.0215846214927,1.0,0.994011976048,1.0,1.0,0.994011976048,1.0,0.762916495
940,0.0109419671798,0.0112772071342,0.0110243693631,1.0,1.0,1.0,1.0,1.0,1.0,0.764610257
950,0.010941948138,0.0112771884351,0.0110243227665,1.0,1.0,1.0,1.0,1.0,1.0,0.766024896
960,0.0109415714179,0.0112520323013,0.0108983465625,1.0,1.0,1.0,1.0,1.0,1.0,0.767504728
970,0.0109481877021,0.0112697092134,0.0109119366931,1.0,1.0,1.0,1.0,1.0,1.0,0.769180077
980,0.0109415688775,0.0112520204832,0.0108983435786,1.0,1.0,1.0,1.0,1.0,1.0,0.770486805
990,0.0109214971918,0.0111326158947,0.0108690938693,1.0,1.0,1.0,1.0,1.0,1.0,0.77235207
1000,0.0109222546371,0.0111184130429,0.0108690943515,1.0,1.0,1.0,1.0,1.0,1.0,0.77411142
1010,0.0109213312867,0.0111285310531,0.0108690763093,1.0,1.0,1.0,1.0,1.0,1.0,0.775791125
1020,0.0109251716346,0.0110153313714,0.0108709810775,1.0,1.0,1.0,1.0,1.0,1.0,0.777535188
1030,0.010923057315,0.0112407840728,0.0108690762092,1.0,1.0,1.0,1.0,1.0,1.0,0.778961815
1040,0.0109213312838,0.0111499724976,0.0108690762949,1.0,1.0,1.0,1.0,1.0,1.0,0.780621707
1050,0.0109213319162,0.011144885841,0.0108690774926,1.0,1.0,1.0,1.0,1.0,1.0,0.782263506
1060,0.0109213311059,0.0113761737277,0.0108690759839,1.0,1.0,1.0,1.0,1.0,1.0,0.785162029
1070,0.010921331088,0.0111960541171,0.010869075941,1.0,1.0,1.0,1.0,1.0,1.0,0.787151489
1080,0.0109472612509,0.012090073297,0.0108690759734,1.0,0.994011976048,1.0,1.0,0.994011976048,1.0,0.789226242
1090,0.0109315227342,0.0118564006329,0.0108804882966,1.0,0.994011976048,1.0,1.0,0.994011976048,1.0,0.793385037
1100,0.0109213310909,0.0117361408761,0.0108690759679,1.0,0.994011976048,1.0,1.0,0.994011976048,1.0,0.796366584
1110,0.0109213310864,0.0117466019157,0.0108690759305,1.0,0.994011976048,1.0,1.0,0.994011976048,1.0,0.798427311
1120,0.0109213310973,0.0117466019766,0.0108690759501,1.0,0.994011976048,1.0,1.0,0.994011976048,1.0,0.800460638
1130,0.0109213310802,0.0117466019063,0.010869075918,1.0,0.994011976048,1.0,1.0,0.994011976048,1.0,0.802294928
1140,0.0109213310816,0.0117466019096,0.0108690759207,1.0,0.994011976048,1.0,1.0,0.994011976048,1.0,0.830234756
1150,0.010930661292,0.0118099405955,0.0108690759014,1.0,0.994011976048,1.0,1.0,0.994011976048,1.0,0.831872275
1160,0.0109213310717,0.0117408174978,0.0108690759006,1.0,0.994011976048,1.0,1.0,0.994011976048,1.0,0.833434719
1170,0.00810398774144,0.00878903469692,0.00806521268249,1.0,1.0,1.0,1.0,1.0,1.0,0.834749342
1180,0.00810398773909,0.00881894528284,0.00806521267853,1.0,0.994011976048,1.0,1.0,0.994011976048,1.0,0.836086957
1190,0.00512211390312,0.00578677520285,0.00510246399755,1.0,1.0,1.0,1.0,1.0,1.0,0.837801498
1200,0.00512211391022,0.00571263171724,0.0050976061874,1.0,1.0,1.0,1.0,1.0,1.0,0.840317009
1210,0.0051221139029,0.00572481968191,0.00509760618135,1.0,1.0,1.0,1.0,1.0,1.0,0.842861792
1220,0.00512211390285,0.00570363077168,0.00509760618136,1.0,1.0,1.0,1.0,1.0,1.0,0.845155208
1230,0.00512211390251,0.00554962953918,0.00509760618081,1.0,1.0,1.0,1.0,1.0,1.0,0.846934403
1240,0.00512211390388,0.0055496300152,0.00509760618141,1.0,1.0,1.0,1.0,1.0,1.0,0.848601345
1250,0.00512211390244,0.0052635798093,0.00509760618096,1.0,1.0,1.0,1.0,1.0,1.0,0.850593519
1260,0.00512511709774,0.00554962954105,0.00509760618212,1.0,1.0,1.0,1.0,1.0,1.0,0.852231098
1270,0.00512211390209,0.00570320517688,0.00509760618012,1.0,1.0,1.0,1.0,1.0,1.0,0.853967498
1280,0.00512211390233,0.00570022872784,0.00509760618054,1.0,1.0,1.0,1.0,1.0,1.0,0.855225237
1290,0.00512211390204,0.00570022872756,0.00509760618005,1.0,1.0,1.0,1.0,1.0,1.0,0.856854819
1300,0.00306355888258,0.00362423863716,0.00304890070613,1.0,1.0,1.0,1.0,1.0,1.0,0.858288775
1310,0.00306355888255,0.00362423863712,0.00304890070608,1.0,1.0,1.0,1.0,1.0,1.0,0.859903964
1320,0.00306355888255,0.00362423863712,0.00304890070608,1.0,1.0,1.0,1.0,1.0,1.0,0.861635038
1330,0.00306355888255,0.00362423863712,0.00304890070608,1.0,1.0,1.0,1.0,1.0,1.0,0.863341203
1340,0.00307200534037,0.00403392213654,0.00304890070608,1.0,0.994011976048,1.0,1.0,0.994011976048,1.0,0.865134692
1350,0.00306355888255,0.00392403536558,0.00304890070608,1.0,0.994011976048,1.0,1.0,0.994011976048,1.0,0.866675316
1360,0.00306355888255,0.00392403536558,0.00304890070608,1.0,0.994011976048,1.0,1.0,0.994011976048,1.0,0.868407915
1370,0.00306355888255,0.00342492696222,0.00304890070608,1.0,1.0,1.0,1.0,1.0,1.0,0.870110923
1380,0.00306355888255,0.00407032815905,0.00304890070608,1.0,0.994011976048,1.0,1.0,0.994011976048,1.0,0.871866856
1390,0.00306355888255,0.00407032815905,0.00304890070608,1.0,0.994011976048,1.0,1.0,0.994011976048,1.0,0.873737696
1400,0.00306355888255,0.00407032815905,0.00304890070608,1.0,0.994011976048,1.0,1.0,0.994011976048,1.0,0.875175776
1410,0.00306355888255,0.00361080693375,0.00304890070608,1.0,1.0,1.0,1.0,1.0,1.0,0.877026415
1420,0.00306355888255,0.00407032815905,0.00304890070608,1.0,0.994011976048,1.0,1.0,0.994011976048,1.0,0.87870699
1430,0.00144083495085,0.0021280726262,0.00143394100372,1.0,1.0,1.0,1.0,1.0,1.0,0.880512053
1440,0.00148619775736,0.00219394340709,0.00147932780693,1.0,1.0,1.0,1.0,1.0,1.0,0.88225782
1450,0.00144083495085,0.00203443470317,0.00143394100372,1.0,1.0,1.0,1.0,1.0,1.0,0.884429944
1460,0.00144201888543,0.00227042959271,0.00143394100372,1.0,0.994011976048,1.0,1.0,0.994011976048,1.0,0.885927765
1470,0.00144083495085,0.0021280726262,0.00143394100372,1.0,1.0,1.0,1.0,1.0,1.0,0.887685601
1480,0.00144336030797,0.0023360814531,0.00143394100372,1.0,0.994011976048,1.0,1.0,0.994011976048,1.0,0.889854117
1490,0.00144083495085,0.0021280726262,0.00143394100372,1.0,1.0,1.0,1.0,1.0,1.0,0.891316722
1500,0.00191649762973,0.00670402698779,0.00104558633668,0.996996996997,0.988023952096,1.0,0.997005988024,0.988095238095,1.0,0.89295462
1510,0.000540514872008,0.000916514550921,0.000537928676448,1.0,1.0,1.0,1.0,1.0,1.0,0.894712787
1520,0.000552162150727,0.000857056973768,0.00054224958903,1.0,1.0,1.0,1.0,1.0,1.0,0.8965488
1530,0.000540514872007,0.000915254453719,0.000537928676448,1.0,1.0,1.0,1.0,1.0,1.0,0.89826172
1540,0.000273638295127,0.000367285964815,0.000272329020988,1.0,1.0,1.0,1.0,1.0,1.0,0.899966828
1550,0.000273711384111,0.000541669252037,0.000272329020988,1.0,1.0,1.0,1.0,1.0,1.0,0.901581135
1560,0.000631476343684,0.000507276126563,0.000957120604965,1.0,1.0,0.995215311005,1.0,1.0,0.995260663507,0.903436689
1570,0.000273933574833,0.000587909232542,0.000272329020988,1.0,1.0,1.0,1.0,1.0,1.0,0.905134997
1580,0.000273638295127,0.000505694624688,0.000272329020988,1.0,1.0,1.0,1.0,1.0,1.0,0.906944663
1590,0.000273638295127,0.000505694624688,0.000272329020988,1.0,1.0,1.0,1.0,1.0,1.0,0.908692745
1600,0.000273801841894,0.000736853367626,0.000272329020988,1.0,1.0,1.0,1.0,1.0,1.0,0.91053225
1610,0.000273638295127,0.000871748853875,0.000272329020988,1.0,1.0,1.0,1.0,1.0,1.0,0.912228028
1620,0.000273638295127,0.000773413719193,0.000272329020988,1.0,1.0,1.0,1.0,1.0,1.0,0.913833241
1630,0.000287304115529,0.000902176856938,0.000285929454689,1.0,1.0,1.0,1.0,1.0,1.0,0.915573248
1640,0.000273638295127,0.000871748853875,0.000272329020988,1.0,1.0,1.0,1.0,1.0,1.0,0.917016854
1650,0.000251731656232,0.000821808472645,0.000250527198547,1.0,1.0,1.0,1.0,1.0,1.0,0.918875484
1660,0.000251731656232,0.000999197440618,0.000250527198547,1.0,0.994011976048,1.0,1.0,0.994011976048,1.0,0.920557388
1670,0.000251731656232,0.000821808472645,0.000250527198547,1.0,1.0,1.0,1.0,1.0,1.0,0.922369404
1680,0.000490434375207,0.00309625630014,0.000257271138428,1.0,0.988023952096,1.0,1.0,0.988095238095,1.0,0.923752201
1690,0.000251731656232,0.000821808472645,0.000250527198547,1.0,1.0,1.0,1.0,1.0,1.0,0.925513955
1700,0.000253728611714,0.00074121150603,0.000252647900247,1.0,1.0,1.0,1.0,1.0,1.0,0.927123896
1710,0.000251731656232,0.000821808472645,0.000250527198547,1.0,1.0,1.0,1.0,1.0,1.0,0.929128875
1720,0.000251731656232,0.000821808472645,0.000250527198547,1.0,1.0,1.0,1.0,1.0,1.0,0.930791368
1730,0.000251731656232,0.000821808472645,0.000250527198547,1.0,1.0,1.0,1.0,1.0,1.0,0.932460704
1740,0.000256200826342,0.000427402323012,0.000250527198547,1.0,1.0,1.0,1.0,1.0,1.0,0.934155467
1750,0.000252369931123,0.00111029898721,0.000250527198547,1.0,0.994011976048,1.0,1.0,0.994011976048,1.0,0.93582247
1760,0.000251731656232,0.000821808472645,0.000250527198547,1.0,1.0,1.0,1.0,1.0,1.0,0.937659724
1770,0.00025213066035,0.000642987751037,0.000250527198547,1.0,1.0,1.0,1.0,1.0,1.0,0.939523856
1780,0.00025393323033,0.000446963501244,0.000252876931315,1.0,1.0,1.0,1.0,1.0,1.0,0.941287374
1790,0.000251731656232,0.000821808472645,0.000250527198547,1.0,1.0,1.0,1.0,1.0,1.0,0.943058357
1800,0.000251731656232,0.000821808472645,0.000250527198547,1.0,1.0,1.0,1.0,1.0,1.0,0.94473364
1810,0.000251731656232,0.000728810018955,0.000250527198547,1.0,1.0,1.0,1.0,1.0,1.0,0.946528777
1820,0.000251731656232,0.000714488244314,0.000250527198547,1.0,1.0,1.0,1.0,1.0,1.0,0.948238346
1830,0.000251731656305,0.000821808472645,0.00025052719856,1.0,1.0,1.0,1.0,1.0,1.0,0.950184149
1840,0.000251731656232,0.000821808472645,0.000250527198547,1.0,1.0,1.0,1.0,1.0,1.0,0.952243731
1850,0.000251731656232,0.000821808472645,0.000250527198547,1.0,1.0,1.0,1.0,1.0,1.0,0.953993994
1860,0.000251731656232,0.000821808472645,0.000250527198547,1.0,1.0,1.0,1.0,1.0,1.0,0.95576316
1870,0.000251731656232,0.000821808472645,0.000250527198547,1.0,1.0,1.0,1.0,1.0,1.0,0.957599959
1880,0.000251731656232,0.000821808472645,0.000250527198547,1.0,1.0,1.0,1.0,1.0,1.0,0.958934457
1890,0.000251731656232,0.000821808472645,0.000250527198547,1.0,1.0,1.0,1.0,1.0,1.0,0.960802571
1900,0.000251731656232,0.000644404612357,0.000250527198547,1.0,1.0,1.0,1.0,1.0,1.0,0.962204317
1910,0.000251731656232,0.000793617076703,0.000250527198547,1.0,1.0,1.0,1.0,1.0,1.0,0.963913272
1920,0.000252054847734,0.000821808472645,0.000250527198547,1.0,1.0,1.0,1.0,1.0,1.0,0.965371376
1930,4.77259468627e-05,0.000233225372171,4.749759305e-05,1.0,1.0,1.0,1.0,1.0,1.0,0.967094191
1940,4.77259468627e-05,0.000233225372171,4.749759305e-05,1.0,1.0,1.0,1.0,1.0,1.0,0.968506098
1950,4.77259468627e-05,0.000117291631679,4.749759305e-05,1.0,1.0,1.0,1.0,1.0,1.0,0.970285426
1960,4.77259468627e-05,0.000249575210216,4.749759305e-05,1.0,1.0,1.0,1.0,1.0,1.0,0.972100774
1970,2.40372701319e-05,9.20525904886e-05,2.38754458546e-05,1.0,1.0,1.0,1.0,1.0,1.0,0.973922976
1980,2.39800907336e-05,0.000141932501723,2.38653534574e-05,1.0,1.0,1.0,1.0,1.0,1.0,0.975643934
1990,2.39800907336e-05,0.000141932501723,2.38653534574e-05,1.0,1.0,1.0,1.0,1.0,1.0,0.977149762
2000,2.39800907336e-05,0.000145204940341,2.38653534574e-05,1.0,1.0,1.0,1.0,1.0,1.0,0.978873055
2010,2.39800907336e-05,0.000141932501723,2.38653534574e-05,1.0,1.0,1.0,1.0,1.0,1.0,0.980602662
2020,2.44010562212e-05,0.000192346907273,2.39878808668e-05,1.0,1.0,1.0,1.0,1.0,1.0,0.982228177
2030,2.08615880574e-05,0.000126162721569,2.07617718466e-05,1.0,1.0,1.0,1.0,1.0,1.0,0.983484351
2040,2.08615880574e-05,0.000126162721569,2.07617718466e-05,1.0,1.0,1.0,1.0,1.0,1.0,0.985085863
2050,1.1684564324e-05,2.48598968207e-05,1.16286573177e-05,1.0,1.0,1.0,1.0,1.0,1.0,0.986739837
2060,1.1684564324e-05,2.79871401595e-05,1.16286573177e-05,1.0,1.0,1.0,1.0,1.0,1.0,0.988546804
2070,1.1684564324e-05,2.79871401595e-05,1.16286573177e-05,1.0,1.0,1.0,1.0,1.0,1.0,0.99045914
2080,1.1684564324e-05,2.79871401595e-05,1.16286573177e-05,1.0,1.0,1.0,1.0,1.0,1.0,0.991760245
2090,0.000475849685766,0.00302151447542,3.03709353742e-05,0.998498498498,0.994011976048,1.0,0.998500749625,0.994011976048,1.0,0.993478144
2100,1.1684564324e-05,2.79871401595e-05,1.16286573177e-05,1.0,1.0,1.0,1.0,1.0,1.0,0.994693899
2110,1.1684564324e-05,2.79871401595e-05,1.16286573177e-05,1.0,1.0,1.0,1.0,1.0,1.0,0.996401298
2120,1.1684564324e-05,2.22376779242e-05,1.16286573177e-05,1.0,1.0,1.0,1.0,1.0,1.0,0.997653997
2130,1.1684564324e-05,2.79871401595e-05,1.16286573177e-05,1.0,1.0,1.0,1.0,1.0,1.0,0.999426847
2140,1.1684564324e-05,2.49161474708e-05,1.16286573177e-05,1.0,1.0,1.0,1.0,1.0,1.0,1.000724175
2150,1.1684564324e-05,2.79871401595e-05,1.16286573177e-05,1.0,1.0,1.0,1.0,1.0,1.0,1.002870407
2160,1.1684564324e-05,2.79871401595e-05,1.16286573177e-05,1.0,1.0,1.0,1.0,1.0,1.0,1.004616683
2170,1.83863459953e-05,4.31758970655e-05,1.8298373048e-05,1.0,1.0,1.0,1.0,1.0,1.0,1.006054349
2180,1.1684564324e-05,2.98438471348e-05,1.16286573177e-05,1.0,1.0,1.0,1.0,1.0,1.0,1.007948569
2190,1.1684564324e-05,1.7129381241e-05,1.16286573177e-05,1.0,1.0,1.0,1.0,1.0,1.0,1.009229721
2200,1.1684564324e-05,2.79871401595e-05,1.16286573177e-05,1.0,1.0,1.0,1.0,1.0,1.0,1.010917608
2210,1.1684564324e-05,5.40181412866e-05,1.16286573177e-05,1.0,1.0,1.0,1.0,1.0,1.0,1.012577375
2220,1.1684564324e-05,2.79871401595e-05,1.16286573177e-05,1.0,1.0,1.0,1.0,1.0,1.0,1.014244983
2230,1.1684564324e-05,5.5312281378e-05,1.16286573177e-05,1.0,1.0,1.0,1.0,1.0,1.0,1.015897429
2240,1.1684564324e-05,2.79871401595e-05,1.16286573177e-05,1.0,1.0,1.0,1.0,1.0,1.0,1.017364825
2250,5.49478873795e-06,1.31545574286e-05,5.46849788275e-06,1.0,1.0,1.0,1.0,1.0,1.0,1.018800158
2260,5.49478873795e-06,1.34989535059e-05,5.46849788275e-06,1.0,1.0,1.0,1.0,1.0,1.0,1.020710712
2270,5.49478873795e-06,1.34989535059e-05,5.46849788275e-06,1.0,1.0,1.0,1.0,1.0,1.0,1.022291575
2280,5.49478873795e-06,1.34989535059e-05,5.46849788275e-06,1.0,1.0,1.0,1.0,1.0,1.0,1.024121232
2290,5.49478873795e-06,1.34989535059e-05,5.46849788275e-06,1.0,1.0,1.0,1.0,1.0,1.0,1.02584463
2300,5.49478873795e-06,1.34989535059e-05,5.46849788275e-06,1.0,1.0,1.0,1.0,1.0,1.0,1.02764428
2310,5.49478873795e-06,7.42943037436e-06,5.46849788275e-06,1.0,1.0,1.0,1.0,1.0,1.0,1.029530339
2320,5.49478873795e-06,1.34989535059e-05,5.46849788275e-06,1.0,1.0,1.0,1.0,1.0,1.0,1.031771761
2330,5.49478873795e-06,1.34989535059e-05,5.46849788275e-06,1.0,1.0,1.0,1.0,1.0,1.0,1.033529722
2340,5.49478873795e-06,1.34989535059e-05,5.46849788275e-06,1.0,1.0,1.0,1.0,1.0,1.0,1.035286222
2350,5.49478873795e-06,1.34989535059e-05,5.46849788275e-06,1.0,1.0,1.0,1.0,1.0,1.0,1.03704863
2360,5.49478873795e-06,1.34989535059e-05,5.46849788275e-06,1.0,1.0,1.0,1.0,1.0,1.0,1.03875389
2370,5.49478873795e-06,1.34989535059e-05,5.46849788275e-06,1.0,1.0,1.0,1.0,1.0,1.0,1.040434869
2380,5.49478873795e-06,1.85265433035e-05,5.46849788275e-06,1.0,1.0,1.0,1.0,1.0,1.0,1.042200838
2390,5.49478873795e-06,1.34989535059e-05,5.46849788275e-06,1.0,1.0,1.0,1.0,1.0,1.0,1.043588616
2400,5.49478873795e-06,1.34989535059e-05,5.46849788275e-06,1.0,1.0,1.0,1.0,1.0,1.0,1.045369486
2410,5.49478873795e-06,1.34989535059e-05,5.46849788275e-06,1.0,1.0,1.0,1.0,1.0,1.0,1.046824367
2420,5.80290145481e-06,1.26731610798e-05,5.47168617123e-06,1.0,1.0,1.0,1.0,1.0,1.0,1.048871201
2430,2.94223661693e-06,7.33957176398e-06,2.92815892976e-06,1.0,1.0,1.0,1.0,1.0,1.0,1.050346875
2440,2.94223661693e-06,7.33957176398e-06,2.92815892976e-06,1.0,1.0,1.0,1.0,1.0,1.0,1.052204884
2450,2.91781700255e-06,7.27993375253e-06,2.90385615565e-06,1.0,1.0,1.0,1.0,1.0,1.0,1.05427703
2460,2.91781700255e-06,7.27993375253e-06,2.90385615565e-06,1.0,1.0,1.0,1.0,1.0,1.0,1.056083145
2470,2.975059845e-06,6.89259322047e-06,2.90385615565e-06,1.0,1.0,1.0,1.0,1.0,1.0,1.0577429
2480,2.91781700255e-06,7.27993375253e-06,2.90385615565e-06,1.0,1.0,1.0,1.0,1.0,1.0,1.059487466
2490,2.91781700255e-06,7.27993375253e-06,2.90385615565e-06,1.0,1.0,1.0,1.0,1.0,1.0,1.061684501
2500,2.91781700255e-06,7.27993375253e-06,2.90385615565e-06,1.0,1.0,1.0,1.0,1.0,1.0,1.063189271
2510,2.91781700255e-06,7.27993375253e-06,2.90385615565e-06,1.0,1.0,1.0,1.0,1.0,1.0,1.064909708
2520,2.91781700255e-06,7.27993375253e-06,2.90385615565e-06,1.0,1.0,1.0,1.0,1.0,1.0,1.066685104
2530,2.91781700255e-06,1.06936457773e-05,2.90385615565e-06,1.0,1.0,1.0,1.0,1.0,1.0,1.068357057
2540,2.91781700255e-06,4.80787603878e-06,2.90385615565e-06,1.0,1.0,1.0,1.0,1.0,1.0,1.070400657
2550,2.91781700255e-06,3.57128959069e-06,2.90385615565e-06,1.0,1.0,1.0,1.0,1.0,1.0,1.071726016
2560,2.91781700255e-06,7.27993375253e-06,2.90385615565e-06,1.0,1.0,1.0,1.0,1.0,1.0,1.073516645
2570,2.91781700255e-06,5.37255323168e-06,2.90385615565e-06,1.0,1.0,1.0,1.0,1.0,1.0,1.07519877
2580,2.91781700255e-06,7.27993375253e-06,2.90385615565e-06,1.0,1.0,1.0,1.0,1.0,1.0,1.076749257
2590,2.91781700255e-06,7.27993375253e-06,2.90385615565e-06,1.0,1.0,1.0,1.0,1.0,1.0,1.079382991
2600,2.91781700255e-06,7.72376631213e-06,2.90385615565e-06,1.0,1.0,1.0,1.0,1.0,1.0,1.080909695
2610,2.91781700255e-06,7.27993375253e-06,2.90385615565e-06,1.0,1.0,1.0,1.0,1.0,1.0,1.082330657
2620,2.91781700255e-06,7.27993375253e-06,2.90385615565e-06,1.0,1.0,1.0,1.0,1.0,1.0,1.083709917
2630,2.91781700255e-06,7.27993375253e-06,2.90385615565e-06,1.0,1.0,1.0,1.0,1.0,1.0,1.08560092
2640,2.93002139843e-06,7.27993375253e-06,2.90385615565e-06,1.0,1.0,1.0,1.0,1.0,1.0,1.087140249
2650,2.91781700255e-06,7.59237657895e-06,2.90385615565e-06,1.0,1.0,1.0,1.0,1.0,1.0,1.088910309
2660,2.91781700255e-06,7.27993375253e-06,2.90385615565e-06,1.0,1.0,1.0,1.0,1.0,1.0,1.090685016
2670,2.91781700255e-06,7.27993375253e-06,2.90385615565e-06,1.0,1.0,1.0,1.0,1.0,1.0,1.092376433
2680,2.91781700255e-06,7.31762289257e-06,2.90385615565e-06,1.0,1.0,1.0,1.0,1.0,1.0,1.094093549
2690,2.91781700255e-06,7.27993375253e-06,2.90385615565e-06,1.0,1.0,1.0,1.0,1.0,1.0,1.09597044
2700,2.91781700255e-06,7.27993375253e-06,2.90385615565e-06,1.0,1.0,1.0,1.0,1.0,1.0,1.097603609
2710,2.91781700445e-06,7.27993375253e-06,2.90385615566e-06,1.0,1.0,1.0,1.0,1.0,1.0,1.099153979
2720,2.91781700255e-06,6.40277692047e-06,2.90385615565e-06,1.0,1.0,1.0,1.0,1.0,1.0,1.100843662
2730,2.91781700255e-06,7.27993375253e-06,2.90385615565e-06,1.0,1.0,1.0,1.0,1.0,1.0,1.102594797
2740,1.42502024139e-06,2.34417331432e-06,1.41820196272e-06,1.0,1.0,1.0,1.0,1.0,1.0,1.104226243
2750,1.42502024139e-06,1.88856913693e-06,1.41820196272e-06,1.0,1.0,1.0,1.0,1.0,1.0,1.105847251
2760,1.42502024139e-06,2.29202431349e-06,1.41820196272e-06,1.0,1.0,1.0,1.0,1.0,1.0,1.107408927
2770,1.42502024139e-06,2.29202431349e-06,1.41820196272e-06,1.0,1.0,1.0,1.0,1.0,1.0,1.109074785
2780,1.42502024139e-06,2.02724394547e-06,1.41820196272e-06,1.0,1.0,1.0,1.0,1.0,1.0,1.111022889
2790,8.14851159301e-07,2.02483124533e-06,8.10952349926e-07,1.0,1.0,1.0,1.0,1.0,1.0,1.112635307
2800,8.14851159301e-07,1.00719640701e-05,8.10952349926e-07,1.0,1.0,1.0,1.0,1.0,1.0,1.114450679
2810,8.14851159301e-07,3.09206797285e-06,8.10952349926e-07,1.0,1.0,1.0,1.0,1.0,1.0,1.115942637
2820,8.14851159301e-07,4.06948153375e-06,8.10952349926e-07,1.0,1.0,1.0,1.0,1.0,1.0,1.117415044
2830,8.16208941888e-07,4.90580283219e-05,8.10952349926e-07,1.0,1.0,1.0,1.0,1.0,1.0,1.118776205
2840,8.14851159301e-07,2.40213980273e-06,8.10952349926e-07,1.0,1.0,1.0,1.0,1.0,1.0,1.120351403
2850,8.14851159301e-07,2.475844667e-06,8.10952349926e-07,1.0,1.0,1.0,1.0,1.0,1.0,1.122181814
2860,8.14851159301e-07,2.40213980273e-06,8.10952349926e-07,1.0,1.0,1.0,1.0,1.0,1.0,1.123651227
2870,8.14851159301e-07,2.40213980273e-06,8.10952349926e-07,1.0,1.0,1.0,1.0,1.0,1.0,1.125019824
2880,8.14851159301e-07,2.40213980273e-06,8.10952349926e-07,1.0,1.0,1.0,1.0,1.0,1.0,1.1264584
2890,8.14851159301e-07,1.44001493075e-05,8.10952349926e-07,1.0,1.0,1.0,1.0,1.0,1.0,1.128207745
2900,4.61759875644e-07,1.3708193346e-06,4.59550498248e-07,1.0,1.0,1.0,1.0,1.0,1.0,1.129879589
2910,4.61759875644e-07,1.3708193346e-06,4.5955049825e-07,1.0,1.0,1.0,1.0,1.0,1.0,1.131777465
2920,1.85505093022e-07,6.783638634e-07,1.84617508845e-07,1.0,1.0,1.0,1.0,1.0,1.0,1.133527124
2930,1.65439635831e-06,3.18259980498e-07,1.89758433876e-07,1.0,1.0,1.0,1.0,1.0,1.0,1.135301603
2940,1.85505093022e-07,2.09968531169e-06,1.84617508845e-07,1.0,1.0,1.0,1.0,1.0,1.0,1.136907723
2950,1.85505093022e-07,2.47325624931e-06,1.84617508845e-07,1.0,1.0,1.0,1.0,1.0,1.0,1.13876558
2960,1.85505093022e-07,1.60729912188e-06,1.84617508845e-07,1.0,1.0,1.0,1.0,1.0,1.0,1.140632636
2970,1.85505093022e-07,2.408853603e-06,1.84617508845e-07,1.0,1.0,1.0,1.0,1.0,1.0,1.14243052
2980,1.85505093022e-07,2.408853603e-06,1.84617508845e-07,1.0,1.0,1.0,1.0,1.0,1.0,1.144138157
2990,1.86926973223e-07,2.408853603e-06,1.84617508845e-07,1.0,1.0,1.0,1.0,1.0,1.0,1.145617903
3000,1.85505093022e-07,2.408853603e-06,1.84617508845e-07,1.0,1.0,1.0,1.0,1.0,1.0,1.147277673
3010,1.85505093022e-07,8.11134945678e-06,1.84617508845e-07,1.0,1.0,1.0,1.0,1.0,1.0,1.148819211
3020,1.85505093022e-07,2.408853603e-06,1.84617508845e-07,1.0,1.0,1.0,1.0,1.0,1.0,1.150759397
3030,1.85505093022e-07,2.2433037166e-07,1.84617508845e-07,1.0,1.0,1.0,1.0,1.0,1.0,1.152176327
3040,1.85505093022e-07,2.408853603e-06,1.84617508845e-07,1.0,1.0,1.0,1.0,1.0,1.0,1.153865332
3050,1.85505093022e-07,2.408853603e-06,1.84617508845e-07,1.0,1.0,1.0,1.0,1.0,1.0,1.155623759
3060,2.17678222464e-07,2.13818804029e-06,1.85226574642e-07,1.0,1.0,1.0,1.0,1.0,1.0,1.15738157
3070,1.52637931512e-07,1.9910790971e-06,1.5190760648e-07,1.0,1.0,1.0,1.0,1.0,1.0,1.158740863
3080,1.52637931512e-07,1.9910790971e-06,1.5190760648e-07,1.0,1.0,1.0,1.0,1.0,1.0,1.160440071
3090,1.52637931512e-07,1.9910790971e-06,1.5190760648e-07,1.0,1.0,1.0,1.0,1.0,1.0,1.161952212
3100,1.52637931512e-07,8.22480076999e-07,1.5190760648e-07,1.0,1.0,1.0,1.0,1.0,1.0,1.163647786
3110,1.52637931512e-07,1.9910790971e-06,1.5190760648e-07,1.0,1.0,1.0,1.0,1.0,1.0,1.16548685
3120,1.52637931512e-07,1.9910790971e-06,1.5190760648e-07,1.0,1.0,1.0,1.0,1.0,1.0,1.16701412
3130,1.52637931512e-07,3.56642082126e-06,1.5190760648e-07,1.0,1.0,1.0,1.0,1.0,1.0,1.168928389
3140,1.52637931512e-07,1.9910790971e-06,1.5190760648e-07,1.0,1.0,1.0,1.0,1.0,1.0,1.170503891
3150,1.32701138203e-06,0.00279397304601,1.59471441653e-07,1.0,0.994011976048,1.0,1.0,0.994011976048,1.0,1.172016038
3160,1.52637931512e-07,1.9910790971e-06,1.5190760648e-07,1.0,1.0,1.0,1.0,1.0,1.0,1.17383961
3170,1.5771433563e-07,1.99392835038e-06,1.5190760648e-07,1.0,1.0,1.0,1.0,1.0,1.0,1.175453968
3180,1.52637931512e-07,9.24547192929e-06,1.5190760648e-07,1.0,1.0,1.0,1.0,1.0,1.0,1.177189202
3190,1.52637931512e-07,1.9910790971e-06,1.5190760648e-07,1.0,1.0,1.0,1.0,1.0,1.0,1.179005122
3200,1.52637931512e-07,1.9910790971e-06,1.5190760648e-07,1.0,1.0,1.0,1.0,1.0,1.0,1.180531129
3210,1.52637932234e-07,1.9910790971e-06,1.51907606534e-07,1.0,1.0,1.0,1.0,1.0,1.0,1.182243985
3220,1.52637931512e-07,1.32329705978e-06,1.5190760648e-07,1.0,1.0,1.0,1.0,1.0,1.0,1.183968319
3230,5.24443668477e-07,1.95721557646e-05,1.52511472992e-07,1.0,1.0,1.0,1.0,1.0,1.0,1.18562519
3240,1.52637931512e-07,4.7997052935e-06,1.5190760648e-07,1.0,1.0,1.0,1.0,1.0,1.0,1.187394401
3250,1.52637931512e-07,1.9910790971e-06,1.5190760648e-07,1.0,1.0,1.0,1.0,1.0,1.0,1.189101308
3260,1.52637931512e-07,1.9910790971e-06,1.5190760648e-07,1.0,1.0,1.0,1.0,1.0,1.0,1.190917418
3270,1.52637931512e-07,1.9910790971e-06,1.5190760648e-07,1.0,1.0,1.0,1.0,1.0,1.0,1.192618983
3280,6.74012349746e-08,8.9246476307e-07,6.70787410273e-08,1.0,1.0,1.0,1.0,1.0,1.0,1.19422633
3290,6.74012349746e-08,1.03433836949e-06,6.70787410273e-08,1.0,1.0,1.0,1.0,1.0,1.0,1.196134573
3300,6.74012349746e-08,1.03433836949e-06,6.70787410273e-08,1.0,1.0,1.0,1.0,1.0,1.0,1.197818208
3310,6.74012349746e-08,1.03433836949e-06,6.70787410273e-08,1.0,1.0,1.0,1.0,1.0,1.0,1.199468203
3320,6.74012349746e-08,1.03433836949e-06,6.70787410273e-08,1.0,1.0,1.0,1.0,1.0,1.0,1.201208975
3330,6.74012349746e-08,8.97816521537e-07,6.70787410273e-08,1.0,1.0,1.0,1.0,1.0,1.0,1.202740904
3340,6.74012349746e-08,1.03433836949e-06,6.70787410273e-08,1.0,1.0,1.0,1.0,1.0,1.0,1.204451497
3350,6.74012349746e-08,1.03433836949e-06,6.70787410273e-08,1.0,1.0,1.0,1.0,1.0,1.0,1.205999559
3360,6.74012349746e-08,1.03433836949e-06,6.70787410273e-08,1.0,1.0,1.0,1.0,1.0,1.0,1.207676942
3370,6.74543352841e-08,9.17305140472e-06,6.70787410273e-08,1.0,1.0,1.0,1.0,1.0,1.0,1.209228185
3380,6.74012349746e-08,1.03433836949e-06,6.70787410273e-08,1.0,1.0,1.0,1.0,1.0,1.0,1.21071993
3390,6.74012349746e-08,1.03433836949e-06,6.70787410273e-08,1.0,1.0,1.0,1.0,1.0,1.0,1.212307922
3400,6.74012349746e-08,1.03433836949e-06,6.70787410273e-08,1.0,1.0,1.0,1.0,1.0,1.0,1.214221927
3410,6.74012349746e-08,1.03433836949e-06,6.70787410273e-08,1.0,1.0,1.0,1.0,1.0,1.0,1.215751969
3420,6.74012349746e-08,1.03433836949e-06,6.70787410273e-08,1.0,1.0,1.0,1.0,1.0,1.0,1.2173344
3430,4.72360993285e-08,7.28757234177e-07,4.70100892839e-08,1.0,1.0,1.0,1.0,1.0,1.0,1.219163186
3440,4.7742635185e-08,3.71292389837e-06,4.70100892839e-08,1.0,1.0,1.0,1.0,1.0,1.0,1.220726001
3450,4.72360993285e-08,7.28757234177e-07,4.70100892839e-08,1.0,1.0,1.0,1.0,1.0,1.0,1.2222478
3460,4.72360993285e-08,3.68705371247e-07,4.70100892839e-08,1.0,1.0,1.0,1.0,1.0,1.0,1.223910321
3470,4.72360995365e-08,7.28757234177e-07,4.70100892903e-08,1.0,1.0,1.0,1.0,1.0,1.0,1.225656404
3480,3.3656460112e-08,1.18902105124e-06,3.34954244177e-08,1.0,1.0,1.0,1.0,1.0,1.0,1.227258729
3490,3.37430877587e-08,2.15938430131e-07,3.3714209414e-08,1.0,1.0,1.0,1.0,1.0,1.0,1.229066978
3500,3.36935595986e-08,4.33239740057e-07,3.34954244177e-08,1.0,1.0,1.0,1.0,1.0,1.0,1.23087617
3510,3.36564611323e-08,1.18902105124e-06,3.34954252792e-08,1.0,1.0,1.0,1.0,1.0,1.0,1.232440194
3520,7.46694285162e-08,6.92179613885e-07,3.47390098407e-08,1.0,1.0,1.0,1.0,1.0,1.0,1.234230798
3530,3.37833742024e-08,8.20801896693e-06,3.34954244177e-08,1.0,1.0,1.0,1.0,1.0,1.0,1.235750119
3540,3.3656460112e-08,1.18902105124e-06,3.34954244177e-08,1.0,1.0,1.0,1.0,1.0,1.0,1.237402529
3550,3.3656460112e-08,1.18902105124e-06,3.34954244177e-08,1.0,1.0,1.0,1.0,1.0,1.0,1.239092086
3560,3.3656460112e-08,1.76766543389e-07,3.34954244177e-08,1.0,1.0,1.0,1.0,1.0,1.0,1.240652809
3570,3.3656460112e-08,1.18902105124e-06,3.34954244177e-08,1.0,1.0,1.0,1.0,1.0,1.0,1.242350885
3580,3.3656460112e-08,1.18902105124e-06,3.34954244177e-08,1.0,1.0,1.0,1.0,1.0,1.0,1.244047903
3590,3.81197395451e-08,1.18902105124e-06,3.43461340633e-08,1.0,1.0,1.0,1.0,1.0,1.0,1.245704875
3600,3.3656460112e-08,1.18902105124e-06,3.34954244177e-08,1.0,1.0,1.0,1.0,1.0,1.0,1.247614202
3610,3.53853844697e-08,5.16389632918e-07,3.34954244177e-08,1.0,1.0,1.0,1.0,1.0,1.0,1.249626513
3620,3.3656460112e-08,1.18902105124e-06,3.34954244177e-08,1.0,1.0,1.0,1.0,1.0,1.0,1.251239765
3630,3.3656460112e-08,1.18902105124e-06,3.34954244177e-08,1.0,1.0,1.0,1.0,1.0,1.0,1.252734341
3640,3.3656460112e-08,1.18902105124e-06,3.34954244177e-08,1.0,1.0,1.0,1.0,1.0,1.0,1.254513018
3650,3.3656460112e-08,8.72996968195e-07,3.34954244177e-08,1.0,1.0,1.0,1.0,1.0,1.0,1.255993138
3660,3.3656460112e-08,1.18902105124e-06,3.34954244177e-08,1.0,1.0,1.0,1.0,1.0,1.0,1.257708673
3670,3.3656460112e-08,1.18902105124e-06,3.34954244177e-08,1.0,1.0,1.0,1.0,1.0,1.0,1.259368657
3680,3.3656460112e-08,1.18902105124e-06,3.34954244177e-08,1.0,1.0,1.0,1.0,1.0,1.0,1.261039002
3690,1.79134749743e-08,4.43457732713e-07,1.78277645678e-08,1.0,1.0,1.0,1.0,1.0,1.0,1.262646914
3700,8.91644575734e-09,2.22193790646e-07,8.87378333745e-09,1.0,1.0,1.0,1.0,1.0,1.0,1.264070233
3710,8.91644575734e-09,7.48946990304e-07,8.93240324619e-09,1.0,1.0,1.0,1.0,1.0,1.0,1.26585916
3720,8.91644575734e-09,2.22193790646e-07,8.87378333745e-09,1.0,1.0,1.0,1.0,1.0,1.0,1.267480943
3730,8.91644575738e-09,2.22193820628e-07,8.87378333745e-09,1.0,1.0,1.0,1.0,1.0,1.0,1.269032138
3740,8.91644575734e-09,4.81118061467e-07,8.87378333745e-09,1.0,1.0,1.0,1.0,1.0,1.0,1.270742726
3750,8.91644575734e-09,2.22193790646e-07,8.87378333745e-09,1.0,1.0,1.0,1.0,1.0,1.0,1.272524175
3760,8.91644575734e-09,2.22193790646e-07,8.87378333745e-09,1.0,1.0,1.0,1.0,1.0,1.0,1.274290523
3770,8.91644575734e-09,2.22193790646e-07,8.87378333745e-09,1.0,1.0,1.0,1.0,1.0,1.0,1.275749232
3780,8.91644575734e-09,2.48121338035e-07,8.87378333745e-09,1.0,1.0,1.0,1.0,1.0,1.0,1.277493032
3790,8.91644575734e-09,2.22193790646e-07,8.87378333745e-09,1.0,1.0,1.0,1.0,1.0,1.0,1.27926035
3800,8.91644575734e-09,2.22193790646e-07,8.87378333745e-09,1.0,1.0,1.0,1.0,1.0,1.0,1.280838161
3810,8.91644575734e-09,2.22193790646e-07,8.87378333745e-09,1.0,1.0,1.0,1.0,1.0,1.0,1.282287697
3820,8.91644575734e-09,2.22193790646e-07,8.87378333745e-09,1.0,1.0,1.0,1.0,1.0,1.0,1.283769454
3830,8.91644575734e-09,2.41275626028e-07,8.87378333745e-09,1.0,1.0,1.0,1.0,1.0,1.0,1.285601903
3840,2.40351215275e-08,5.92899705488e-07,2.39201209461e-08,1.0,1.0,1.0,1.0,1.0,1.0,1.287066895
3850,8.91644575734e-09,2.07357662514e-07,8.87378333745e-09,1.0,1.0,1.0,1.0,1.0,1.0,1.288409666
3860,8.91644575734e-09,1.43120141695e-07,8.87378333745e-09,1.0,1.0,1.0,1.0,1.0,1.0,1.28999879
3870,8.91644575734e-09,2.22193790646e-07,8.87378333745e-09,1.0,1.0,1.0,1.0,1.0,1.0,1.291790016
3880,8.91644575734e-09,2.22193790646e-07,8.87378333745e-09,1.0,1.0,1.0,1.0,1.0,1.0,1.293557509
3890,8.91644575734e-09,2.22193790646e-07,8.87378333745e-09,1.0,1.0,1.0,1.0,1.0,1.0,1.295239234
3900,8.91644575734e-09,2.22193790646e-07,8.87378333745e-09,1.0,1.0,1.0,1.0,1.0,1.0,1.297082888
3910,8.91644575734e-09,2.22193790646e-07,8.87378333745e-09,1.0,1.0,1.0,1.0,1.0,1.0,1.298745779
3920,8.96219765334e-09,3.29591275469e-08,8.92133206381e-09,1.0,1.0,1.0,1.0,1.0,1.0,1.300290974
3930,8.91644575734e-09,2.22193790646e-07,8.87378333745e-09,1.0,1.0,1.0,1.0,1.0,1.0,1.302019551
3940,9.02762296596e-09,2.0225982928e-06,8.9485195821e-09,1.0,1.0,1.0,1.0,1.0,1.0,1.303639139
3950,8.91644575734e-09,9.14291807553e-09,8.87378333745e-09,1.0,1.0,1.0,1.0,1.0,1.0,1.305140945
3960,8.92597314246e-09,1.98345552122e-07,8.87378333745e-09,1.0,1.0,1.0,1.0,1.0,1.0,1.306702246
3970,8.91644575734e-09,2.22193790646e-07,8.87378333745e-09,1.0,1.0,1.0,1.0,1.0,1.0,1.308600257
3980,8.91644575734e-09,4.64565749661e-07,8.87378333745e-09,1.0,1.0,1.0,1.0,1.0,1.0,1.310225541
3990,8.91644575734e-09,2.22193790646e-07,8.87378333745e-09,1.0,1.0,1.0,1.0,1.0,1.0,1.312017318
4000,8.91644575734e-09,2.22193790646e-07,8.87378333745e-09,1.0,1.0,1.0,1.0,1.0,1.0,1.313850648
4010,8.91644575734e-09,7.65456978863e-08,8.87378333745e-09,1.0,1.0,1.0,1.0,1.0,1.0,1.315583897
4020,8.91644575734e-09,2.22193790646e-07,8.87378333745e-09,1.0,1.0,1.0,1.0,1.0,1.0,1.317165801
4030,7.32591061085e-09,1.82829420445e-07,7.29085840697e-09,1.0,1.0,1.0,1.0,1.0,1.0,1.318981694
4040,4.7017520914e-09,1.17675771663e-07,4.67925566991e-09,1.0,1.0,1.0,1.0,1.0,1.0,1.3207527
4050,4.70255473115e-09,7.64924205979e-08,4.67925566991e-09,1.0,1.0,1.0,1.0,1.0,1.0,1.322479317
4060,5.35168301523e-09,1.56317192548e-07,4.67925566991e-09,1.0,1.0,1.0,1.0,1.0,1.0,1.324289084
4070,4.7017520914e-09,1.17675771663e-07,4.67925566991e-09,1.0,1.0,1.0,1.0,1.0,1.0,1.326193072
4080,4.7017520914e-09,1.17675771663e-07,4.67925566991e-09,1.0,1.0,1.0,1.0,1.0,1.0,1.327799241
4090,4.7017520914e-09,1.17675771663e-07,4.67925566991e-09,1.0,1.0,1.0,1.0,1.0,1.0,1.32953817
4100,4.7017520914e-09,1.17675771663e-07,4.67925566991e-09,1.0,1.0,1.0,1.0,1.0,1.0,1.331272123
4110,3.23902823167e-09,8.12258625142e-08,3.22353048893e-09,1.0,1.0,1.0,1.0,1.0,1.0,1.332924898
4120,3.23902823167e-09,8.12258625142e-08,3.22353048893e-09,1.0,1.0,1.0,1.0,1.0,1.0,1.334763813
4130,3.23902823167e-09,8.12258625142e-08,3.22353048893e-09,1.0,1.0,1.0,1.0,1.0,1.0,1.336537859
4140,3.23902823167e-09,8.12258625142e-08,3.22353048893e-09,1.0,1.0,1.0,1.0,1.0,1.0,1.338300383
4150,1.48056205448e-09,3.72439667422e-08,1.47347802551e-09,1.0,1.0,1.0,1.0,1.0,1.0,1.340029722
4160,1.48056205448e-09,5.63999380816e-09,1.47347802551e-09,1.0,1.0,1.0,1.0,1.0,1.0,1.341871165
4170,1.48056205448e-09,3.72439667422e-08,1.47347802551e-09,1.0,1.0,1.0,1.0,1.0,1.0,1.343480055
4180,1.48056205448e-09,4.80186112198e-08,1.47347802551e-09,1.0,1.0,1.0,1.0,1.0,1.0,1.345297908
4190,1.48056205448e-09,3.72439667422e-08,1.47347802551e-09,1.0,1.0,1.0,1.0,1.0,1.0,1.347061571
4200,1.48056205448e-09,3.72439667422e-08,1.47347802551e-09,1.0,1.0,1.0,1.0,1.0,1.0,1.34894922
4210,1.48056205448e-09,3.72439667422e-08,1.47347802551e-09,1.0,1.0,1.0,1.0,1.0,1.0,1.350671114
4220,1.48056205448e-09,3.72439667422e-08,1.47347802551e-09,1.0,1.0,1.0,1.0,1.0,1.0,1.352458861
4230,1.48097169239e-09,1.2490776232e-08,1.47347802551e-09,1.0,1.0,1.0,1.0,1.0,1.0,1.354216993
4240,1.48056205448e-09,3.72439667422e-08,1.47347802551e-09,1.0,1.0,1.0,1.0,1.0,1.0,1.355949857
4250,1.48056205448e-09,3.72439667422e-08,1.47347802551e-09,1.0,1.0,1.0,1.0,1.0,1.0,1.357613302
4260,2.33097879593e-09,5.85395875727e-08,2.31982578733e-09,1.0,1.0,1.0,1.0,1.0,1.0,1.359185984
4270,1.1180643623e-09,2.8149169789e-08,1.11271477205e-09,1.0,1.0,1.0,1.0,1.0,1.0,1.360978039
4280,1.14311575688e-09,4.30846515426e-08,1.11271477205e-09,1.0,1.0,1.0,1.0,1.0,1.0,1.362844209
4290,1.1180643623e-09,2.8149169789e-08,1.11271477205e-09,1.0,1.0,1.0,1.0,1.0,1.0,1.36459948
4300,4.60714341537e-10,1.16227487061e-08,4.58509966697e-10,1.0,1.0,1.0,1.0,1.0,1.0,1.366404035
4310,4.60714341537e-10,1.16227487061e-08,4.58509966697e-10,1.0,1.0,1.0,1.0,1.0,1.0,1.367919168
4320,4.60714341537e-10,1.16227487061e-08,4.58509966697e-10,1.0,1.0,1.0,1.0,1.0,1.0,1.369625641
4330,4.60714341537e-10,5.09935558777e-10,4.58509966697e-10,1.0,1.0,1.0,1.0,1.0,1.0,1.371376229
4340,4.60714341537e-10,1.16227487061e-08,4.58509966697e-10,1.0,1.0,1.0,1.0,1.0,1.0,1.37319493
4350,4.60714341537e-10,1.16227487061e-08,4.58509966697e-10,1.0,1.0,1.0,1.0,1.0,1.0,1.375056812
4360,4.60714341537e-10,1.16227487061e-08,4.58509966697e-10,1.0,1.0,1.0,1.0,1.0,1.0,1.376657005
4370,4.60714341537e-10,1.16227487061e-08,4.58509966697e-10,1.0,1.0,1.0,1.0,1.0,1.0,1.37836548
4380,4.75342228514e-10,5.40142171594e-09,4.58509966697e-10,1.0,1.0,1.0,1.0,1.0,1.0,1.380036605
4390,5.15926884017e-10,1.30128836964e-08,5.13458334332e-10,1.0,1.0,1.0,1.0,1.0,1.0,1.381530956
4400,3.22966871725e-10,8.15251336285e-09,3.21421575688e-10,1.0,1.0,1.0,1.0,1.0,1.0,1.3833842
4410,3.22966871725e-10,8.15251336285e-09,3.21421575688e-10,1.0,1.0,1.0,1.0,1.0,1.0,1.384922797
4420,3.22966871725e-10,4.3789134235e-09,3.21421575688e-10,1.0,1.0,1.0,1.0,1.0,1.0,1.386536712
4430,3.22966871725e-10,1.75754376192e-09,3.21421575688e-10,1.0,1.0,1.0,1.0,1.0,1.0,1.388147642
4440,3.22966871725e-10,6.97072893838e-09,3.21421575688e-10,1.0,1.0,1.0,1.0,1.0,1.0,1.390138155
4450,3.22966871725e-10,6.97072893838e-09,3.21421575688e-10,1.0,1.0,1.0,1.0,1.0,1.0,1.391686525
4460,6.79797091111e-10,4.11654355515e-09,3.26439052065e-10,1.0,1.0,1.0,1.0,1.0,1.0,1.393338796
4470,3.22966871725e-10,6.97072893838e-09,3.21421575688e-10,1.0,1.0,1.0,1.0,1.0,1.0,1.39503505
4480,3.19189980143e-10,6.88932281752e-09,3.17662755357e-10,1.0,1.0,1.0,1.0,1.0,1.0,1.396997436
4490,3.19189980143e-10,1.65864729238e-08,3.17662755357e-10,1.0,1.0,1.0,1.0,1.0,1.0,1.398632209
4500,3.19189980143e-10,1.18881961931e-08,3.17662755357e-10,1.0,1.0,1.0,1.0,1.0,1.0,1.400372907
4510,3.20455602844e-10,2.91897632951e-08,3.18039307412e-10,1.0,1.0,1.0,1.0,1.0,1.0,1.402121774
4520,3.19189980143e-10,1.18881961931e-08,3.1766275539e-10,1.0,1.0,1.0,1.0,1.0,1.0,1.403845938
4530,2.27716720636e-10,8.48623767251e-09,2.26627166948e-10,1.0,1.0,1.0,1.0,1.0,1.0,1.405969355
4540,2.27716720636e-10,4.3461149009e-10,2.26627166948e-10,1.0,1.0,1.0,1.0,1.0,1.0,1.407629804
4550,2.27716720636e-10,4.3461149009e-10,2.26627166948e-10,1.0,1.0,1.0,1.0,1.0,1.0,1.40948359
4560,2.27716720636e-10,4.3461149009e-10,2.26627166948e-10,1.0,1.0,1.0,1.0,1.0,1.0,1.410940968
4570,2.27716720636e-10,4.3461149009e-10,2.26627166948e-10,1.0,1.0,1.0,1.0,1.0,1.0,1.412350837
4580,1.56285009731e-10,2.43457461937e-10,1.55537234564e-10,1.0,1.0,1.0,1.0,1.0,1.0,1.413866159
4590,1.42332161391e-10,2.38625922779e-10,1.41651146264e-10,1.0,1.0,1.0,1.0,1.0,1.0,1.415707044
4600,1.42332161391e-10,1.44504645937e-09,1.41651146264e-10,1.0,1.0,1.0,1.0,1.0,1.0,1.417450052
4610,1.42332161391e-10,2.38625922779e-10,1.41651146264e-10,1.0,1.0,1.0,1.0,1.0,1.0,1.419050071
4620,1.42332161391e-10,2.38625922779e-10,1.41651146264e-10,1.0,1.0,1.0,1.0,1.0,1.0,1.420574601
4630,1.42332161391e-10,7.04316270379e-10,1.41651146264e-10,1.0,1.0,1.0,1.0,1.0,1.0,1.42211321
4640,2.82573597433e-10,4.73722003099e-10,2.81221570651e-10,1.0,1.0,1.0,1.0,1.0,1.0,1.423648667
4650,1.42332161391e-10,2.38625922779e-10,1.41651146264e-10,1.0,1.0,1.0,1.0,1.0,1.0,1.425406645
4660,1.42332161391e-10,2.38625922779e-10,1.41651146264e-10,1.0,1.0,1.0,1.0,1.0,1.0,1.427143088
4670,1.42332162614e-10,2.40914803457e-10,1.41651146268e-10,1.0,1.0,1.0,1.0,1.0,1.0,1.428816292
4680,1.42332161391e-10,2.38625922779e-10,1.41651146264e-10,1.0,1.0,1.0,1.0,1.0,1.0,1.430380991
4690,1.42332161391e-10,2.38625922779e-10,1.41651146264e-10,1.0,1.0,1.0,1.0,1.0,1.0,1.43216652
4700,1.42332161391e-10,2.38625922779e-10,1.41651146264e-10,1.0,1.0,1.0,1.0,1.0,1.0,1.433734127
4710,1.42332161391e-10,2.21246210216e-10,1.41651146264e-10,1.0,1.0,1.0,1.0,1.0,1.0,1.435367048
4720,1.42332161391e-10,1.98314827258e-10,1.42723413361e-10,1.0,1.0,1.0,1.0,1.0,1.0,1.437274515
4730,1.42332161396e-10,2.38625922779e-10,1.41651146265e-10,1.0,1.0,1.0,1.0,1.0,1.0,1.439237382
4740,1.42332161391e-10,2.13378634247e-10,1.41651146264e-10,1.0,1.0,1.0,1.0,1.0,1.0,1.440778742
4750,1.42332161391e-10,2.38625922779e-10,1.41651146264e-10,1.0,1.0,1.0,1.0,1.0,1.0,1.442377162
4760,1.42332161391e-10,2.13233410098e-10,1.41651146264e-10,1.0,1.0,1.0,1.0,1.0,1.0,1.444191927
4770,1.42332161391e-10,2.64535715356e-10,1.41651146264e-10,1.0,1.0,1.0,1.0,1.0,1.0,1.445975998
4780,1.42332161391e-10,2.38625922779e-10,1.41651146264e-10,1.0,1.0,1.0,1.0,1.0,1.0,1.447693705
4790,9.68270831878e-11,1.62338342616e-10,9.63637957085e-11,1.0,1.0,1.0,1.0,1.0,1.0,1.44945305
4800,9.68270831878e-11,3.00744536721e-10,9.63637957085e-11,1.0,1.0,1.0,1.0,1.0,1.0,1.45107732
4810,9.68270831878e-11,3.00744536721e-10,9.63637957085e-11,1.0,1.0,1.0,1.0,1.0,1.0,1.45266349
4820,9.82885669602e-11,2.38531118057e-10,9.68948373266e-11,1.0,1.0,1.0,1.0,1.0,1.0,1.454352996
4830,9.68270831878e-11,3.00744536721e-10,9.63637957085e-11,1.0,1.0,1.0,1.0,1.0,1.0,1.456342773
4840,6.84190546829e-11,2.12520446262e-10,6.80916907849e-11,1.0,1.0,1.0,1.0,1.0,1.0,1.457929511
4850,2.87488226876e-11,8.93070876326e-11,2.86112685121e-11,1.0,1.0,1.0,1.0,1.0,1.0,1.45946824
4860,2.87488226876e-11,8.93070876326e-11,2.86112685121e-11,1.0,1.0,1.0,1.0,1.0,1.0,1.461145271
4870,2.87488226876e-11,1.22179992944e-10,2.86112685121e-11,1.0,1.0,1.0,1.0,1.0,1.0,1.462711065
4880,2.87488226876e-11,1.22179992944e-10,2.86112685121e-11,1.0,1.0,1.0,1.0,1.0,1.0,1.464291983
4890,2.87488226876e-11,1.22179992944e-10,2.86112685121e-11,1.0,1.0,1.0,1.0,1.0,1.0,1.466028208
4900,2.96755627928e-11,1.30355241656e-09,2.86807302014e-11,1.0,1.0,1.0,1.0,1.0,1.0,1.46785287
4910,2.87488226876e-11,1.22179992944e-10,2.86112685121e-11,1.0,1.0,1.0,1.0,1.0,1.0,1.469806835
4920,2.87488226876e-11,1.22179992944e-10,2.86112685121e-11,1.0,1.0,1.0,1.0,1.0,1.0,1.471446169
4930,2.87488226876e-11,1.22179992944e-10,2.86112685121e-11,1.0,1.0,1.0,1.0,1.0,1.0,1.473244057
4940,2.87488226876e-11,1.22179992944e-10,2.86112685121e-11,1.0,1.0,1.0,1.0,1.0,1.0,1.474745518
4950,2.90416453378e-11,8.21160846843e-10,2.86112685121e-11,1.0,1.0,1.0,1.0,1.0,1.0,1.476215514
4960,2.87488226876e-11,1.22179992944e-10,2.86112685121e-11,1.0,1.0,1.0,1.0,1.0,1.0,1.477998408
4970,2.87488226876e-11,1.22179992944e-10,2.86112685121e-11,1.0,1.0,1.0,1.0,1.0,1.0,1.479898108
4980,2.87488226876e-11,1.22179992944e-10,2.86112685121e-11,1.0,1.0,1.0,1.0,1.0,1.0,1.481296128
4990,2.87488226876e-11,6.65172413302e-11,2.86112685121e-11,1.0,1.0,1.0,1.0,1.0,1.0,1.486202157
5000,2.87488226876e-11,1.24467995122e-10,2.86112685121e-11,1.0,1.0,1.0,1.0,1.0,1.0,1.488210536
